<?xml version="1.0" encoding="UTF-8" standalone="yes"?>
<Properties xmlns="http://schemas.openxmlformats.org/officeDocument/2006/extended-properties" xmlns:vt="http://schemas.openxmlformats.org/officeDocument/2006/docPropsVTypes"><Template>Normal</Template><TotalTime>26</TotalTime><Application>LibreOffice/24.2.4.2$Windows_X86_64 LibreOffice_project/51a6219feb6075d9a4c46691dcfe0cd9c4fff3c2</Application><AppVersion>15.0000</AppVersion><Pages>13</Pages><Words>4430</Words><Characters>21406</Characters><CharactersWithSpaces>25742</CharactersWithSpaces><Paragraphs>95</Paragraphs></Properties>