<?xml version="1.0" encoding="UTF-8" standalone="yes"?>
<cp:coreProperties xmlns:cp="http://schemas.openxmlformats.org/package/2006/metadata/core-properties" xmlns:dc="http://purl.org/dc/elements/1.1/" xmlns:dcterms="http://purl.org/dc/terms/" xmlns:dcmitype="http://purl.org/dc/dcmitype/" xmlns:xsi="http://www.w3.org/2001/XMLSchema-instance"><dcterms:created xsi:type="dcterms:W3CDTF">2024-11-12T12:53:00Z</dcterms:created><dc:creator>Andrea Gil Martin</dc:creator><dc:description></dc:description><dc:language>es-ES</dc:language><cp:lastModifiedBy></cp:lastModifiedBy><dcterms:modified xsi:type="dcterms:W3CDTF">2024-11-13T10:05:59Z</dcterms:modified><cp:revision>6</cp:revision><dc:subject></dc:subject><dc:title></dc:title></cp:coreProperties>